{"cameraMode":{"drawMode":0,"name":"Shaded","section":"Shading Mode"},"sceneLighting":false,"audioPlay":false,"sceneViewState":{"m_AlwaysRefresh":false,"showFog":false,"showSkybox":false,"showFlares":false,"showImageEffects":false,"showParticleSystems":false,"showVisualEffectGraphs":true,"m_FxEnabled":true},"in2DMode":false,"pivot":{"x":0.01845717430114746,"y":1.1894370317459107,"z":-0.4213637113571167},"rotation":{"x":-0.04361037164926529,"y":0.9319831132888794,"z":-0.11976926773786545,"w":-0.3393551707267761},"size":3.5226821899414064,"orthographic":false}