{"cameraMode":{"drawMode":0,"name":"Shaded","section":"Shading Mode"},"sceneLighting":true,"audioPlay":false,"sceneViewState":{"m_AlwaysRefresh":false,"showFog":true,"showSkybox":true,"showFlares":true,"showImageEffects":true,"showParticleSystems":true,"showVisualEffectGraphs":true,"m_FxEnabled":true},"in2DMode":false,"pivot":{"x":-3.1811113357543947,"y":1.6029026508331299,"z":0.844336748123169},"rotation":{"x":-0.16141675412654878,"y":-0.04676269367337227,"z":0.007657801266759634,"w":-0.9857504367828369},"size":14.675715446472168,"orthographic":false}