{"cameraMode":{"drawMode":0,"name":"Shaded","section":"Shading Mode"},"sceneLighting":true,"audioPlay":false,"sceneViewState":{"m_AlwaysRefresh":false,"showFog":true,"showSkybox":true,"showFlares":true,"showImageEffects":true,"showParticleSystems":true,"showVisualEffectGraphs":true,"m_FxEnabled":true},"in2DMode":false,"pivot":{"x":-13.349370002746582,"y":-22.158605575561525,"z":20.021263122558595},"rotation":{"x":0.26244503259658816,"y":-0.7324563264846802,"z":0.3908849060535431,"w":0.49179455637931826},"size":29.271821975708009,"orthographic":false}